Timestamp,RSS (MB),VMS (MB),Memory %
2024-10-29 01:17:23.180078,286.828125,266.0703125,0.9430950028089404
2024-10-29 01:17:24.184761,286.828125,266.0703125,0.9430950028089404
2024-10-29 01:17:25.185295,286.828125,266.0703125,0.9430950028089404
2024-10-29 01:17:26.185855,286.828125,266.0703125,0.9430950028089404
2024-10-29 01:17:27.186382,286.828125,266.0703125,0.9430950028089404
2024-10-29 01:17:28.187061,286.828125,266.0703125,0.9430950028089404
2024-10-29 01:17:29.187324,286.828125,266.0703125,0.9430950028089404
2024-10-29 01:17:30.187577,286.828125,266.0703125,0.9430950028089404
2024-10-29 01:17:31.188089,286.828125,266.0703125,0.9430950028089404
2024-10-29 01:17:32.188840,286.828125,266.0703125,0.9430950028089404
2024-10-29 01:17:33.189209,286.828125,266.0703125,0.9430950028089404
2024-10-29 01:17:34.189669,286.828125,266.0703125,0.9430950028089404
2024-10-29 01:17:35.190361,286.828125,266.0703125,0.9430950028089404
